{
  "optimal_c": 2.0,
  "base_mse": 7925.731141296662,
  "transformed_mse": 8101.940203425425,
  "mse_std": 2542.1106753465283,
  "important_features": {
    "feature": {
      "10": "summer",
      "8": "wind",
      "9": "rain"
    },
    "coefficient": {
      "10": -0.11169479008909716,
      "8": 0.06042242216327443,
      "9": 0.04402551037425713
    }
  }
}